,m/z,rt,sn,score,peak area
0,100.1118,5.34,1.649,2,136595.51920572916
1,130.1597,3.47,0.0,2,1087997.7223307292
2,130.1597,3.62,2.325,3,1076586.1051432292
3,130.1597,3.76,2.772,2,1029238.4472656251
4,130.1597,3.87,0.0,3,1087997.7223307292
5,134.07,5.03,0.0,2,501395.64432779944
6,142.1611,5.36,4.913,2,1143846.162109375
7,144.1364,6.87,2.936,1,332212.97835286456
8,149.0258,11.93,2.4,3,422123.71289062494
9,149.0258,12.06,0.44,1,736577.6321614583
10,149.0258,12.2,0.53,2,329218.615234375
11,149.0258,16.74,2.308,3,172721.31119791666
12,153.092,16.0,1.093,2,416466.4736328125
13,153.092,16.93,2.04,3,137588.5325520833
14,158.9959,0.62,3.608,1,592506.1385091145
15,158.9959,0.76,1.086,3,273967.3894042969
16,170.129,16.91,1.152,1,135077.61800130206
17,170.129,19.94,0.905,1,108202.04036458334
18,170.129,20.16,0.874,1,104958.3428548177
19,172.169,9.63,2.504,3,183409.9560546875
20,173.9828,9.63,2.504,3,183409.9560546875
21,180.1223,3.35,1.906,2,318048.13553873694
22,180.9817,0.63,5.105,2,864753.9248046875
23,180.9817,0.75,0.0,3,1030285.0721028645
24,181.0251,0.71,0.29,1,148133.95003255206
25,181.0251,21.05,1.478,2,156504.05647786456
26,181.0324,0.76,0.0,3,303321.08740234375
27,181.0324,1.05,1.644,2,253029.54671223956
28,181.0324,1.86,1.01,3,785480.172688802
29,181.0324,1.99,1.851,3,648751.6599934896
30,181.0324,2.11,1.534,2,785480.172688802
31,181.0613,8.8,0.0,2,142947.18717447916
32,181.0613,9.1,2.98,1,257954.82409667966
33,182.1874,4.84,2.97,2,194676.25732421875
34,183.1006,4.23,1.954,3,144749.4358723958
35,186.2249,5.36,1.335,2,305124.85139973956
36,193.1437,4.35,1.379,1,252095.51652018228
37,196.2039,4.64,0.0,1,127561.9980875651
38,198.1281,4.69,3.715,3,210674.56469726562
39,199.0098,4.09,0.0,2,101838.19677734375
40,199.0416,0.61,2.544,2,196160.17285156247
41,199.185,7.16,3.861,1,832226.6540934243
42,199.185,7.29,0.932,2,1017418.6103515625
43,200.2394,4.64,0.0,3,295637.381266276
44,202.2195,5.43,0.0,1,167740.4922688802
45,205.0868,11.94,1.983,2,191885.82600911456
46,205.0868,12.07,0.92,1,466868.75244140625
47,207.1562,5.68,3.039,2,207278.3127034505
48,210.1019,5.17,8.431,2,576456.5024414062
49,210.186,10.53,0.0,2,190981.7443440755
50,211.0959,5.46,0.0,2,105038.01448567708
51,212.1201,4.27,13.393,1,1316418.92972819
52,212.1201,4.43,0.0,1,1328542.9396158853
53,213.1237,4.27,0.0,2,188761.18066406247
54,214.2519,4.72,0.0,1,4336347.672363281
55,215.0074,22.28,0.885,3,102517.2550455729
56,215.2569,4.73,0.0,3,606194.706258138
57,217.0466,0.65,0.386,2,332687.9641113281
58,217.0466,0.87,0.902,2,238561.46923828122
59,217.0466,1.03,0.765,1,292190.7902018229
60,217.0466,21.07,1.918,1,410672.4422607422
61,217.0466,21.2,1.511,1,670728.5315755208
62,217.1074,4.59,0.0,1,580479.0923258462
63,217.1248,8.84,0.0,1,275346.29756673175
64,218.0386,0.62,2.758,2,379150.3634440104
65,218.0386,0.74,2.28,3,445129.54626464844
66,218.0386,21.04,1.57,1,138718.80712890625
67,221.1214,8.24,2.486,3,250820.2970784505
68,221.1214,8.36,1.053,2,306100.3224283854
69,221.1214,8.6,1.356,3,114791.88085937497
70,221.1568,10.25,0.0,2,117993.35530598956
71,221.1656,8.38,1.806,1,133558.08756510416
72,223.1204,8.07,0.821,3,106868.39090983072
73,223.1561,4.27,0.0,2,1832682.245727539
74,224.1581,4.27,0.0,1,159801.37263997394
75,224.185,5.68,0.0,1,127427.28877766925
76,225.1465,8.27,2.991,2,379696.13867187494
77,225.1916,8.46,2.536,3,205530.03564453122
78,226.1936,4.67,2.165,2,159858.8370361328
79,227.2092,9.23,0.0,1,176767.40295410156
80,228.1929,8.18,1.885,2,653675.5423177083
81,228.1929,8.3,2.085,2,672109.8697916666
82,228.1929,8.42,1.134,3,743323.0651855469
83,228.1929,16.3,2.552,3,269710.6145833333
84,228.1929,16.42,0.0,2,293696.4020182291
85,228.2659,4.96,13.492,2,2236187.1075846353
86,228.2659,5.08,0.0,2,2355980.4011637364
87,229.1899,8.13,0.763,2,402320.88761393225
88,229.1991,5.48,0.0,2,110070.82291666666
89,229.2725,4.96,0.0,1,326060.1954345703
90,230.0625,6.13,0.0,2,142394.01733398438
91,230.1914,7.91,3.313,3,279460.05867513025
92,233.0262,21.62,0.82,1,134798.7421875
93,233.0262,21.74,0.927,1,215485.06624348956
94,233.0262,21.94,0.994,3,177563.32958984375
95,234.138,4.58,0.0,2,389828.1472167968
96,235.1704,11.0,1.176,3,223436.88964843747
97,235.1799,4.25,0.0,1,149885.77315266925
98,235.1799,4.95,0.0,3,135650.8506266276
99,236.113,4.65,3.505,3,459339.4354654948
100,239.2407,15.6,0.0,3,203959.13151041666
101,240.0171,0.63,2.481,3,285418.63468424475
102,240.0171,0.75,0.0,2,365798.7586263021
103,240.1804,4.28,6.353,1,1277498.3127441406
104,240.1804,4.41,0.0,3,1473502.9920247397
105,242.2838,5.25,13.849,1,242129126.60148114
106,242.4196,5.36,19.737,2,15421148.876302082
107,243.2841,5.24,0.035,3,622792.057454427
108,243.2841,5.36,6.311,3,36570610.973958336
109,243.2841,5.58,0.641,3,1539837.7572835286
110,243.4301,5.36,0.0,1,2459971.695800781
111,244.1908,7.86,0.0,2,195528.85107421875
112,244.2885,5.37,10.916,2,3545770.7710774736
113,244.2885,5.49,2.97,3,3740288.2265625
114,244.2885,5.62,0.0,1,3806267.092081705
115,245.1401,4.27,0.0,1,357814.7040608724
116,245.297,5.35,0.0,2,117152.83919270831
117,246.1816,4.48,0.0,3,134868.0224609375
118,249.1835,11.34,2.073,1,313521.71769205725
119,249.1835,11.46,1.502,1,555918.5227050781
120,251.1547,9.97,0.791,1,131642.87744140625
121,251.1849,5.15,0.0,1,1549049.9567057295
122,251.1849,5.27,4.777,1,1371768.3626302083
123,251.1849,5.39,0.0,2,1549049.9567057295
124,255.0116,6.63,4.548,2,858664.5305989583
125,255.0116,6.77,0.0,2,1022625.7786051431
126,256.3001,5.75,5.631,1,633159.1115722656
127,256.9673,0.61,8.375,3,452211.9848632812
128,256.9673,21.06,0.0,1,299245.78206380206
129,257.2347,7.18,0.0,1,245432.2633463542
130,258.276,4.64,0.0,3,736265.3316650391
131,258.276,5.04,0.0,3,178405.8447265625
132,262.2107,4.56,0.0,1,239883.30594889322
133,265.1639,8.8,1.637,3,119982.08040364583
134,265.1639,9.1,2.371,3,209612.45361328125
135,265.1957,6.26,1.426,1,309035.7701822916
136,267.1761,4.54,0.0,1,429986.7156575521
137,267.1761,11.87,1.923,2,466668.6547851562
138,267.1761,11.99,1.082,1,817139.9936930339
139,267.2723,16.53,0.0,1,135727.4993489583
140,271.062,7.66,0.0,2,126503.79748535156
141,271.1596,4.9,1.214,3,104565.04231770833
142,271.1705,10.05,1.86,3,196771.96732584634
143,271.2247,12.3,1.826,1,376291.6826171875
144,271.2247,12.43,1.775,1,471521.9177246093
145,272.2573,4.77,0.0,3,148349.53955078125
146,273.1736,5.16,0.242,2,167942.04671223956
147,273.1736,5.29,1.255,2,395055.6202799479
148,273.1736,5.42,0.285,1,467474.2760416666
149,273.1845,12.29,0.0,1,122208.29630533853
150,274.0382,3.87,0.0,1,130769.65258789061
151,274.104,5.91,2.177,1,378852.68143717444
152,275.1805,9.05,2.194,2,347765.80305989576
153,275.1805,9.18,1.278,1,422119.07470703125
154,275.1805,10.38,4.602,2,2073373.2584635413
155,275.1805,10.52,1.98,1,2360215.2786051435
156,275.1805,10.63,0.0,3,2801582.425984701
157,276.184,10.38,2.987,2,345631.55603027344
158,276.184,10.51,1.024,1,374172.1652018229
159,277.18,11.09,2.059,2,257064.48730468747
160,277.1911,5.21,28.482,3,2677284.221923828
161,277.1911,8.37,2.395,2,374976.2249348958
162,277.1911,8.5,1.242,1,520477.6094970703
163,277.2022,11.31,0.975,1,184939.8846435547
164,278.1908,5.21,6.089,1,459258.1250813802
165,279.0936,8.18,0.0,2,174619.47932942706
166,280.1673,11.93,2.74,2,296592.74690755206
167,280.1673,12.06,0.626,1,321127.1097005208
168,280.1673,12.18,1.425,2,377367.9956461588
169,280.2682,14.84,1.97,2,680447.799235026
170,280.2682,14.99,2.089,1,732669.9604492188
171,280.2682,15.11,1.397,2,783615.0548502604
172,281.1777,8.01,0.706,1,142805.32682291666
173,281.1777,8.13,1.026,2,118085.00911458333
174,281.189,5.01,1.611,3,268532.3121744791
175,281.2115,4.27,0.0,1,275169.7734375
176,281.2452,13.85,1.184,2,122661.90706380208
177,282.1579,4.68,3.087,1,320816.3399251302
178,282.2821,15.55,2.052,3,1718375.9813232422
179,282.2821,15.68,1.825,2,2079705.431315104
180,282.2821,15.8,2.129,3,2635450.9185791016
181,282.2821,15.94,2.03,2,2979833.2687174478
182,282.2821,16.06,1.664,3,3041054.3789469404
183,283.1868,6.15,1.255,3,141490.45239257812
184,283.1982,8.27,2.743,3,386279.78299967444
185,283.1982,8.39,0.0,1,460288.74255371094
186,283.2435,8.46,2.577,1,263688.3858235677
187,283.2775,15.66,1.051,2,243422.2078857422
188,284.1399,4.5,0.0,1,158778.00472005206
189,284.2081,4.54,10.831,1,1651898.1743977864
190,284.2081,4.68,0.0,2,1699129.7718098958
191,284.2991,16.18,2.602,3,1998585.8035481772
192,284.2991,16.36,2.376,2,3180477.623942057
193,284.2991,16.48,2.346,1,3232009.8741861978
194,285.1646,7.97,2.356,2,275492.63134765625
195,285.176,13.52,2.223,1,245072.36108398438
196,285.2103,4.54,0.0,1,182703.6497395833
197,285.2331,3.75,1.941,1,217982.13627115884
198,285.3016,16.19,2.393,2,352530.10095214844
199,286.2503,8.21,2.005,3,477175.6300048828
200,287.1448,11.6,0.0,2,109748.97070312499
201,287.1792,6.63,2.002,3,152225.6065266927
202,287.1792,6.77,1.073,3,160629.08227539062
203,288.1227,6.14,5.488,3,482583.7926432291
204,288.1573,5.71,0.645,3,209010.33935546875
205,289.1618,4.55,0.0,3,153384.5109049479
206,290.1814,9.85,5.852,1,755745.5709635416
207,290.1814,9.99,0.0,2,824858.7580159504
208,291.1697,6.64,0.0,3,103639.73909505208
209,291.2047,5.48,0.0,2,331735.96565755206
210,293.1916,7.8,0.985,3,119024.97403971355
211,294.2018,6.78,2.659,2,201868.50846354163
212,294.2136,10.63,0.653,3,118930.1368815104
213,295.2038,5.61,1.287,3,129540.92883300781
214,296.2092,7.24,0.0,3,253049.49959309894
215,296.2329,12.21,0.931,3,361749.0611979167
216,297.1823,4.95,1.005,2,122528.29947916667
217,297.2061,7.23,1.437,2,189933.1018880208
218,297.2299,11.06,2.192,3,606171.3567708334
219,297.2299,11.19,1.618,2,972097.6924641926
220,297.2299,11.38,0.845,1,189884.9237060547
221,298.2183,5.03,0.0,3,601971.615234375
222,298.3496,15.13,0.0,3,470881.2883300781
223,298.3496,15.26,0.0,1,479313.1027018229
224,299.1981,4.97,0.814,2,100762.8896484375
225,299.2579,13.85,1.587,3,284774.19437662757
226,299.2579,13.98,1.317,3,392203.0003255208
227,300.205,3.7,0.0,2,433702.52530924475
228,301.1793,11.04,1.491,3,173335.53580729166
229,301.1913,7.68,1.254,2,495708.24031575513
230,302.1808,9.98,8.471,1,3400619.305989583
231,302.1808,10.14,1.883,2,3673449.2213541665
232,302.1808,10.26,2.067,2,4147562.7815755205
233,302.2413,7.87,4.393,3,664091.4228515625
234,302.2413,7.99,1.662,2,767884.9020996094
235,303.1736,5.81,0.953,1,142190.18701171875
236,303.1857,9.96,3.134,3,592759.8515625001
237,303.1857,10.09,1.69,3,715008.8955078124
238,303.1857,13.54,0.0,3,165053.25781249997
239,305.1933,6.06,2.425,3,223098.70654296872
240,305.1933,6.17,1.061,3,251364.4318033854
241,306.2817,16.18,2.987,2,210586.43522135413
242,307.2019,5.79,1.006,3,144008.2766927083
243,307.2019,6.92,1.167,2,292847.5680338541
244,307.2388,9.48,1.144,2,464590.0089518228
245,308.2975,15.83,3.026,3,1841332.7681884766
246,308.2975,16.02,2.357,1,3040428.04707845
247,308.2975,16.15,2.252,2,3100465.029378255
248,309.2114,6.53,0.827,3,138532.2109375
249,309.2114,6.95,1.081,1,386224.5882161458
250,309.2114,7.31,0.92,3,153051.8221842448
251,309.2114,10.07,0.762,2,111224.76350911458
252,309.2237,6.01,1.321,1,2146897.914713541
253,309.2237,6.14,3.119,3,2015537.1402180986
254,309.2237,6.37,2.077,1,2130964.269409179
255,309.2237,6.48,1.091,2,2146897.914713541
256,309.2361,5.22,0.658,2,122386.91406249999
257,309.298,15.83,2.816,2,399877.3502604167
258,309.298,15.94,0.0,2,534968.7495117188
259,310.1528,4.24,2.834,1,172494.86376953125
260,310.2272,6.12,1.138,1,337685.9679361979
261,310.2396,11.28,0.996,3,369216.62581380206
262,310.2396,12.86,2.447,1,372635.646484375
263,310.2396,12.97,1.656,2,497523.61128743493
264,310.3141,16.44,7.168,3,1213686.5262044268
265,310.3141,16.61,2.071,1,1429073.6458333333
266,311.1966,4.73,1.006,2,104654.154296875
267,311.1966,5.22,1.019,2,127162.43383789062
268,311.1966,5.52,1.004,3,132505.85286458334
269,311.2091,8.97,0.789,3,117593.86417643228
270,312.219,5.67,0.0,3,114134.15755208333
271,312.3314,17.08,12.851,1,3472008.81274414
272,312.3314,17.23,0.0,1,3989244.1088867188
273,313.2698,15.59,3.23,3,580094.0748697916
274,313.2698,15.71,0.434,1,127224.93929036458
275,313.3325,17.08,5.801,2,663700.3937174478
276,313.3325,17.2,0.0,3,737772.2241617838
277,315.1803,5.69,2.601,3,243585.79988606772
278,315.1929,4.51,0.907,3,214998.7337239583
279,315.2055,8.92,0.884,3,155444.4896647135
280,316.0008,0.66,0.0,3,304821.7431640625
281,318.2714,8.09,1.065,2,1651533.7755533853
282,318.2714,8.25,2.68,3,1211007.6747233071
283,318.2714,8.4,1.825,3,1651533.7755533853
284,319.2787,8.18,0.0,2,183494.12027994788
285,320.2124,11.07,0.0,3,105126.70617675781
286,320.2124,13.53,2.457,3,838710.2497558594
287,320.2124,13.67,2.024,2,1277905.682779948
288,320.2124,13.79,1.259,3,1444725.287801107
289,321.213,13.53,0.0,3,211099.99967447916
290,322.1523,5.21,0.0,1,286512.51074218744
291,323.1977,5.41,1.008,2,337633.2106119792
292,323.2106,4.65,1.08,2,126863.52596028647
293,323.2106,8.81,2.384,2,327000.5598144531
294,323.2106,9.1,3.697,2,687144.0126953124
295,324.2465,10.92,0.0,2,162485.65885416666
296,325.1687,13.53,2.342,1,164825.1142578125
297,325.2077,5.08,1.702,1,395848.3221028645
298,325.2077,5.46,1.058,1,126461.10485839844
299,325.2077,5.93,0.866,1,931369.2169596354
300,325.2077,6.79,0.94,2,190610.00077311197
301,325.2207,5.71,0.324,2,445750.578125
302,326.2239,5.63,0.0,2,170217.0216471354
303,326.2239,8.17,0.739,3,274758.5514322916
304,326.2239,8.42,0.888,2,113755.39921061197
305,326.25,6.07,1.116,3,820382.9894205729
306,326.25,6.19,2.247,3,738433.6820475259
307,326.25,6.31,1.65,3,820382.9894205729
308,327.0078,8.79,2.521,2,383670.43615722656
309,327.0078,8.92,0.0,3,429041.2584635416
310,327.191,4.48,0.847,2,598775.0989583331
311,327.2302,6.09,0.977,2,184219.1642252604
312,327.2302,6.25,0.927,2,158776.83756510416
313,328.2265,4.85,0.385,2,153262.0966796875
314,329.002,8.79,2.536,1,391959.37658691406
315,329.002,8.9,0.0,3,415531.0042317708
316,329.1995,5.06,0.938,1,172496.09130859375
317,329.2258,4.76,0.0,1,114939.39876302081
318,329.2258,10.04,1.917,3,357867.24853515625
319,329.2258,10.16,1.283,3,539382.1214192708
320,329.2785,12.31,0.0,3,274161.6009928385
321,330.281,15.82,0.0,1,129651.06518554688
322,331.2865,15.59,3.157,1,5049832.092447916
323,331.2865,15.71,2.478,3,6754214.470703125
324,331.2865,15.83,2.372,2,7694505.750895182
325,331.2865,15.94,3.233,2,7778455.862467447
326,332.0959,3.85,0.0,1,492291.71826171875
327,333.2136,6.82,1.129,1,153972.97037760416
328,333.2269,10.4,9.615,3,6285434.748046875
329,333.2269,10.53,2.363,1,6558591.1376953125
330,333.2269,10.66,2.984,1,7455519.003906249
331,333.2269,10.87,2.111,1,7464329.447672525
332,333.2269,11.01,1.371,2,7594855.707234699
333,333.2935,15.59,0.0,3,134534.77534993488
334,334.228,10.4,3.972,1,1081998.540364583
335,334.228,10.52,1.89,3,1266432.003580729
336,334.3083,17.07,5.099,3,401240.1770833333
337,335.192,6.05,1.521,1,165943.7899169922
338,335.2456,8.39,4.488,1,1175689.1915690103
339,335.2456,8.51,1.39,3,1309527.7252604167
340,335.259,11.64,1.745,1,327247.98828124994
341,335.2724,11.2,1.213,3,1172503.6439615884
342,336.2932,15.55,0.0,2,125406.8546549479
343,337.1552,8.17,3.304,1,309655.05761718744
344,337.2226,11.97,0.849,3,225124.9104817708
345,337.2226,12.11,0.757,3,388974.22998046875
346,337.2226,12.24,0.431,2,554415.4208984375
347,337.2361,8.78,1.026,1,108554.5576171875
348,337.2361,8.9,0.884,1,324259.2545979817
349,337.2361,9.2,0.957,1,535209.8907877604
350,337.2361,9.7,1.015,1,207077.1468098958
351,337.2361,9.9,0.96,3,514326.46956380206
352,338.317,14.82,1.087,3,205081.99572753906
353,338.3441,17.22,8.14,1,5533153.697916666
354,338.3441,17.4,3.293,3,6380283.767252603
355,338.3441,17.55,1.888,1,6594506.499064127
356,338.3441,17.69,1.487,2,6962184.903483074
357,338.9672,0.63,0.0,1,374857.42386881507
358,339.2113,5.66,0.865,3,206641.0559895833
359,339.2113,5.93,0.911,2,127967.47387695312
360,339.347,17.22,7.268,2,1223382.837931315
361,339.347,17.36,0.0,1,1484014.4412434895
362,340.2304,5.41,1.051,2,178388.9606119792
363,340.2713,7.52,1.154,3,602850.694905599
364,340.353,17.21,0.0,2,109291.3966471354
365,340.353,17.73,0.0,1,189732.55920410156
366,341.2117,4.82,0.862,1,257843.80074055988
367,341.2117,5.01,0.861,2,135050.1170247396
368,341.2117,5.21,0.885,3,167358.4208984375
369,341.2117,5.44,1.052,2,497949.7927246094
370,341.2254,6.42,0.859,3,214078.19490559894
371,341.2254,6.63,0.762,1,191973.44156901044
372,341.2254,6.81,1.0,3,307048.9989827473
373,341.239,7.35,1.029,2,109641.90999348958
374,341.239,7.47,0.954,1,133049.9884440104
375,341.239,7.68,0.876,3,170986.19588216147
376,341.239,8.44,0.761,3,612170.0613199869
377,341.3073,16.53,3.594,2,400724.4181722005
378,341.3073,16.66,0.0,3,467821.28312174475
379,342.2505,5.21,0.0,3,376670.5075276692
380,342.3464,16.18,12.137,1,2300334.6799316406
381,342.3464,16.37,0.0,3,2481912.212890625
382,343.1553,11.68,0.973,2,104068.53304036458
383,343.1964,8.63,3.362,2,364703.66109212243
384,343.2102,4.87,0.929,3,368538.8287760416
385,343.2239,5.21,1.076,1,151643.01322428384
386,343.3475,16.18,3.482,2,379842.66410319007
387,343.3475,16.3,0.0,1,450320.7226155598
388,344.2276,4.02,0.0,3,679116.3129882812
389,345.1927,5.37,0.819,1,430668.3727213542
390,345.1927,5.76,2.089,2,273673.0545247395
391,345.2065,11.6,2.336,3,167251.6140950521
392,348.2298,9.84,4.15,2,557074.090657552
393,348.3134,15.59,3.234,3,4861655.72265625
394,348.3134,15.71,1.933,2,6265959.444010417
395,348.3134,15.83,2.676,2,7361004.1015625
396,348.3134,15.94,2.235,3,7359067.306722005
397,349.2202,6.64,2.106,1,258222.51643880206
398,349.2202,6.77,1.005,3,283675.73193359375
399,349.2202,7.33,0.972,3,149953.533203125
400,349.2202,7.46,0.972,1,189372.58736165363
401,349.318,15.6,3.183,3,1031867.462931315
402,349.318,15.71,2.489,1,1403388.9444580078
403,349.318,15.84,1.082,3,1549852.4811197915
404,351.2234,6.9,0.951,3,1007271.4798177083
405,351.2234,8.09,1.008,2,126673.17761230469
406,351.2375,7.83,1.332,3,133558.84651692706
407,351.2515,9.8,0.954,1,125683.18538411456
408,351.2515,10.17,0.954,2,808622.9137369791
409,351.2515,10.88,0.674,2,138824.23173014322
410,351.2515,11.04,0.974,3,283261.3293457031
411,353.2099,5.08,0.998,1,249912.75748697916
412,353.224,6.41,0.97,1,119230.53568522134
413,353.2381,7.29,0.883,1,245256.224609375
414,353.2381,7.49,1.057,2,463838.8811848958
415,353.2381,7.88,0.903,2,981965.1087239581
416,353.2381,8.88,1.058,3,758646.4540201823
417,353.2664,15.6,9.239,3,6989386.483154297
418,353.2664,15.77,3.973,3,8178046.429036459
419,353.2664,15.99,2.767,2,8351037.837320963
420,354.2711,15.59,4.265,1,1172645.1223958333
421,354.2711,15.71,2.254,1,1412696.2381184895
422,354.2711,15.83,0.848,3,1488860.495442708
423,354.3136,12.25,1.06,1,962973.266438802
424,354.3136,12.55,2.02,2,914911.6057942708
425,354.3136,12.68,1.168,3,962973.266438802
426,354.3136,12.81,1.273,3,331330.3468017578
427,355.2076,4.89,0.74,1,397516.0266520182
428,355.2218,5.22,0.925,2,128501.7433268229
429,355.2218,5.43,0.85,3,567777.9069417317
430,355.2218,5.94,0.756,1,355369.28450520826
431,355.236,6.76,1.08,3,100291.2353515625
432,355.236,6.95,0.796,1,153869.1026611328
433,355.2502,7.99,1.003,1,1202650.3752441406
434,355.2644,10.84,0.994,1,151210.01432291666
435,355.2644,10.98,0.999,3,325426.3794759115
436,355.2786,15.6,2.286,1,199879.52718098953
437,355.2928,12.5,0.967,2,114698.408203125
438,355.3212,16.54,1.719,3,140054.53462727863
439,356.2748,5.9,0.0,1,166124.33593749997
440,357.2023,4.74,0.955,1,104997.14538574219
441,357.3166,13.84,1.373,3,201492.67716471353
442,359.2082,5.59,0.867,2,114282.2890625
443,359.2082,5.76,0.973,2,138197.59248860675
444,359.2082,6.29,1.073,2,197084.39860026044
445,359.2082,6.61,0.465,3,123075.47375488281
446,359.2082,6.76,1.778,2,302221.63252766925
447,359.3231,16.53,3.219,3,3327589.0628255205
448,360.3162,16.53,6.271,1,925893.0462239583
449,360.3162,16.65,1.813,1,996560.650472005
450,360.3306,17.21,3.295,2,747258.2194010416
451,361.2109,6.39,1.066,1,174435.05159505206
452,361.2253,7.53,0.956,3,257718.10693359375
453,361.2253,7.73,1.019,1,112077.94885253906
454,361.2253,8.3,1.088,2,113349.02209472656
455,361.3265,17.21,2.515,2,181150.51066080728
456,363.1957,5.05,0.0,3,374499.9018961588
457,363.2248,7.94,0.985,3,124882.98307291666
458,363.2538,9.36,0.848,2,251043.22477213538
459,363.2538,9.73,0.915,3,298066.12874348956
460,363.2538,10.11,0.891,3,1486645.0628255208
461,364.3306,15.22,2.25,2,227753.9423828125
462,364.3306,15.34,0.0,2,249345.24869791663
463,365.0892,5.94,16.776,3,3574919.466878255
464,365.0892,6.12,2.755,3,3787737.8403320312
465,365.2353,7.27,0.992,3,120092.87569173177
466,365.2353,7.65,0.961,2,540965.9684651692
467,365.2353,8.29,0.928,2,100800.52669270833
468,365.2353,8.42,0.965,2,309088.9462890625
469,365.2645,10.43,0.759,2,348000.0839436848
470,365.2645,10.77,1.006,2,476927.36572265625
471,365.2645,11.35,0.95,3,128455.87972005208
472,365.2791,12.08,1.009,1,383842.12089029944
473,366.0982,5.94,4.487,2,529625.9160156249
474,366.3473,15.83,2.988,3,3215376.825602213
475,366.3473,16.07,2.434,3,4655450.181315103
476,366.3473,16.21,1.873,2,4739692.552897135
477,367.0954,5.94,0.0,3,167887.8175455729
478,367.2128,5.1,0.944,2,168007.85815429688
479,367.2275,6.0,0.897,3,112174.51416015625
480,367.2275,6.46,0.973,1,121783.5478922526
481,367.2422,7.02,0.72,3,136871.61104329425
482,367.2422,7.98,0.854,1,134080.10888671875
483,367.2422,8.35,0.922,3,103264.94205729166
484,367.2716,11.51,0.947,3,113918.83902994792
485,367.2716,11.77,0.907,2,101245.27860514322
486,368.3603,16.44,4.173,3,1317449.146565755
487,368.3603,16.56,2.442,1,1594701.6826171875
488,368.3603,16.7,0.0,2,1763042.2850748696
489,368.4193,16.51,2.041,1,639260.5520833333
490,368.4193,16.68,2.074,2,994435.5626627605
491,369.2307,5.49,0.94,1,527240.319539388
492,369.2307,6.96,0.98,1,310140.43229166674
493,369.2454,7.28,0.844,1,317838.7490234375
494,369.2454,7.57,0.911,1,295553.2807617187
495,369.2454,8.85,1.69,3,372420.6652018229
496,369.2454,15.57,1.267,1,113678.748046875
497,369.2602,8.46,1.03,3,459510.27815755206
498,369.2602,9.07,0.957,3,681239.0020345051
499,369.2602,9.62,0.96,2,116530.1172688802
500,369.275,10.6,0.97,2,509524.9337565104
501,369.275,11.07,0.872,3,245820.35937499997
502,369.275,11.28,0.988,3,271128.7190755208
503,369.275,11.51,0.964,2,146446.05004882812
504,369.3636,16.45,3.625,3,326824.3803304036
505,369.4227,16.5,1.667,1,157664.04679361978
506,370.2511,6.79,1.703,3,118523.85904947916
507,370.3844,17.08,13.545,2,3750019.9163411455
508,370.3844,17.26,0.0,1,4185378.6649576817
509,370.3844,17.38,0.0,1,4187201.0709635415
510,371.215,4.77,0.864,3,502086.2150065104
511,371.215,5.23,0.883,2,105327.88118489583
512,371.2299,5.68,0.96,1,138220.52652994794
513,371.2299,6.12,0.951,3,131289.17740885416
514,371.319,16.82,2.196,1,764944.6208089193
515,371.319,16.95,3.033,3,1318795.696126302
516,371.319,17.07,0.0,1,1375240.3103841145
517,371.3784,17.08,6.585,3,873560.3701171875
518,371.3784,17.2,1.789,2,949798.6936848956
519,372.2558,4.93,2.67,3,147459.05843098956
520,373.2399,9.12,0.898,2,203935.2969970703
521,373.2399,9.44,0.913,3,114815.8068033854
522,373.2399,9.57,0.892,1,173514.17285156247
523,373.2399,9.86,0.96,3,270131.6825358073
524,375.2158,6.09,1.095,2,293355.0323893229
525,375.2308,7.23,1.057,3,788587.7856852214
526,375.2308,8.16,0.768,1,466551.2501627604
527,375.2308,8.37,0.816,2,127918.97460937499
528,375.2308,8.5,0.922,1,320936.41621907544
529,375.2458,7.97,2.822,3,1567302.0364583333
530,375.2458,9.36,1.06,3,122263.10009765625
531,375.2458,9.76,0.962,3,283810.4674479167
532,375.2458,10.06,0.989,2,215978.89632161456
533,375.2608,11.98,1.329,3,156644.20377604166
534,376.2377,7.96,2.275,2,373949.6962890625
535,376.2377,8.08,0.0,3,518948.3756510416
536,376.2678,14.59,3.841,3,661255.8032633463
537,376.2678,14.72,1.707,3,836823.3364257811
538,376.3431,16.53,4.732,3,4957469.825520834
539,376.3431,16.66,2.078,2,6279297.924479166
540,376.3431,16.79,5.401,2,6563928.300252277
541,377.2172,5.72,1.048,3,382981.41971842444
542,377.2172,6.01,1.092,3,133828.03080240884
543,377.2323,8.13,0.919,2,178810.1027018229
544,377.2323,15.14,0.0,1,125290.02864583333
545,377.2474,9.04,1.016,1,145609.11083984375
546,377.2625,10.58,0.853,1,113121.724609375
547,377.2625,10.76,0.819,3,247374.38525390625
548,377.2625,10.99,1.063,1,216098.064453125
549,377.2625,11.18,0.966,2,124236.04134114583
550,377.2775,11.73,0.937,1,111015.82336425781
551,377.2775,11.87,0.929,1,125574.220703125
552,377.2775,12.06,0.831,3,100473.82177734375
553,377.3228,14.66,1.482,2,160013.97546386716
554,377.3379,16.65,0.553,3,126619.0413411458
555,378.3505,16.51,0.0,2,145422.91487630206
556,379.2141,5.5,1.165,2,100135.14453125
557,379.2445,7.65,0.836,2,654651.1881103514
558,379.2445,8.31,0.942,3,105299.79174804688
559,379.2596,9.4,0.885,2,476667.7102050781
560,379.2596,9.82,0.952,3,191459.69559733072
561,379.2596,10.01,0.992,2,230873.03564453125
562,379.2748,11.02,0.847,3,262519.3654785156
563,379.29,11.52,0.824,3,229921.4931640625
564,379.29,11.85,0.88,2,655396.1030273435
565,379.29,12.46,1.075,2,314795.794555664
566,379.29,12.77,0.907,2,229250.3196614583
567,380.3382,14.69,0.0,3,148399.14794921875
568,381.2369,6.13,1.025,1,774742.9307861328
569,381.2369,6.78,0.934,1,484440.6334635416
570,381.2521,8.06,0.814,2,158576.0257161458
571,381.2521,8.22,0.909,2,188797.2405598958
572,381.2826,11.52,0.913,1,185682.08166503906
573,381.2826,11.71,0.964,2,108905.43782552081
574,381.2979,16.52,10.953,2,5971110.476481119
575,381.2979,16.66,2.084,1,6514551.165445963
576,381.2979,16.79,0.0,2,6906600.41003418
577,382.3058,16.53,5.251,1,1145312.7565104165
578,382.3058,16.69,0.0,3,1462195.2244466143
579,382.3364,13.07,0.0,2,185328.3497721354
580,383.2244,5.07,0.981,1,191388.6380208333
581,383.2398,5.79,0.942,1,167780.5675455729
582,383.2398,5.94,0.799,3,813802.6243896483
583,383.2704,9.52,0.941,1,106978.1318359375
584,383.2704,9.85,0.917,1,185711.9847005208
585,383.2704,10.04,0.911,1,489079.97823079425
586,383.2704,10.45,0.86,3,673734.4925130208
587,383.2857,11.22,0.946,1,966166.8714192706
588,383.2857,11.91,0.884,1,103006.4326171875
589,383.2857,12.13,0.909,1,154690.7999674479
590,383.3011,16.52,2.36,1,142179.39046223956
591,384.2682,8.02,1.071,2,357221.2546386719
592,384.2682,8.29,0.869,1,465594.55664062494
593,384.2836,7.59,0.859,3,162733.91206868488
594,384.2989,7.15,0.919,3,2231635.991861979
595,384.2989,7.32,2.103,2,1922053.2249348955
596,384.2989,7.44,2.979,3,2231635.991861979
597,385.0683,8.84,0.963,3,116560.75130208331
598,385.2223,4.87,0.789,3,353052.20800781244
599,385.2378,5.61,0.986,3,363309.2779947917
600,385.2378,6.2,1.012,2,246626.9142252604
601,385.2378,6.44,1.005,1,183692.46875
602,385.2686,7.46,1.307,3,134104.9141031901
603,385.2686,10.62,0.986,2,190763.37951660156
604,385.2686,11.05,1.032,1,198357.85791015622
605,385.284,7.26,1.087,2,399584.0240885416
606,385.3456,15.03,1.245,3,112321.3058268229
607,385.3456,15.65,2.036,2,445509.3362630209
608,385.3456,15.76,1.893,1,572492.7516276041
609,387.0603,8.79,0.0,3,227713.47884114584
610,387.0758,5.94,0.0,2,201265.75179036456
611,387.2307,8.85,0.883,3,130120.40734863281
612,387.2462,7.96,1.029,3,101600.44384765625
613,387.2462,8.24,0.936,3,196548.9523111979
614,387.2462,8.49,1.003,3,155447.42932128906
615,387.2462,8.64,1.024,3,145179.72098795572
616,387.2462,9.02,0.973,2,310177.21390787757
617,387.2617,9.91,1.056,2,172715.75557454425
618,387.2617,10.47,0.855,2,146806.734375
619,387.2617,10.63,1.069,3,419690.05517578125
620,387.2617,11.21,1.024,2,224454.54581705725
621,388.2543,4.24,4.911,3,644248.9818522134
622,388.2543,4.36,0.0,3,710374.5494791666
623,388.3475,16.81,1.703,1,131716.78735351562
624,389.2339,7.06,0.599,1,177516.99055989584
625,389.2651,10.79,0.872,1,112092.93623860677
626,389.2651,11.0,0.891,2,182459.43033854166
627,389.2651,11.18,1.006,3,134437.82421875
628,389.2651,11.32,0.971,1,141729.0460611979
629,389.2651,11.48,0.933,2,115532.65555826822
630,389.2806,12.44,1.071,3,150750.4475911458
631,389.2806,12.66,1.379,3,212983.02628580725
632,389.2806,12.86,0.919,2,156997.59427897137
633,391.1849,4.77,0.0,2,251979.5537923177
634,391.2319,6.7,1.0,2,583926.1540120443
635,391.2475,8.42,0.949,1,117435.57299804688
636,391.2475,8.63,0.915,3,493511.6233317057
637,391.2475,9.11,0.971,2,427056.6612955729
638,393.2558,8.59,0.898,2,336766.3772379557
639,393.2558,9.1,0.964,2,102960.68929036458
640,393.2715,9.93,0.88,1,1522182.3349609375
641,393.2715,11.18,0.993,3,175155.47424316406
642,393.303,12.85,1.132,1,765839.0009358723
643,393.303,16.81,2.242,3,362036.8803304036
644,394.3427,15.55,4.14,1,378337.2659505208
645,394.3427,15.67,0.0,1,417970.877360026
646,395.2428,6.22,0.926,1,116651.87284342447
647,395.2428,6.37,0.971,2,194017.095703125
648,395.2428,6.55,0.898,3,106126.61409505208
649,395.2428,6.68,0.94,1,479620.86319986975
650,395.2428,7.18,0.901,1,186153.3971354167
651,395.2586,8.25,0.921,2,131401.4405924479
652,395.2586,8.54,0.934,2,301628.96370442706
653,395.2744,9.27,0.853,2,1115802.4927978516
654,395.2744,10.15,0.672,1,207275.57946777344
655,395.2744,10.35,0.925,1,580837.484375
656,395.2744,10.73,1.0,1,113183.9405924479
657,395.2902,11.46,1.007,3,1095315.0919596353
658,395.306,13.22,0.935,2,125223.71777343749
659,395.306,16.73,7.688,3,786823.2466227214
660,395.306,16.85,1.225,3,810889.0380859374
661,395.3218,13.03,1.102,3,109768.64412434897
662,396.3193,16.72,0.0,2,166640.14729817706
663,396.3985,17.21,7.25,2,1539249.6761067708
664,396.3985,17.36,2.183,1,1890700.5944417317
665,396.3985,17.48,2.158,1,1917011.335571289
666,397.2239,4.95,0.891,1,291084.0079752604
667,397.2398,5.7,1.042,2,219247.31111653644
668,397.2398,6.04,0.922,3,101405.75138346355
669,397.2557,7.13,0.925,2,788910.840657552
670,397.2557,7.81,0.964,1,134899.56380208334
671,397.2557,7.99,0.948,2,139124.18001302084
672,397.2557,8.32,0.999,3,143700.81001790363
673,397.2716,8.91,0.88,2,110637.64241536458
674,397.2716,9.3,0.949,1,920542.3367513022
675,397.2716,10.06,0.874,2,117217.56416829427
676,397.2716,16.53,0.0,3,112691.8898111979
677,397.2875,10.88,0.891,2,977493.9723714192
678,397.2875,11.81,0.799,1,145275.60546875
679,397.2875,12.01,0.987,2,182741.8251953125
680,397.3033,13.11,0.718,2,269887.21618652344
681,397.3987,17.21,3.355,2,363789.4208984375
682,397.3987,17.33,0.0,3,421673.33740234375
683,398.2739,6.21,1.154,1,648006.6731363932
684,398.2739,6.34,2.244,1,613908.864095052
685,398.2739,6.46,1.758,3,648006.6731363932
686,398.3058,8.78,1.016,2,560016.7469075521
687,398.3058,8.95,2.336,1,545085.4609375
688,398.3377,13.99,1.799,1,1574850.4225260417
689,398.3377,14.11,2.589,3,1273569.071940104
690,398.3377,14.26,1.908,2,1399365.5249837239
691,398.3377,14.4,1.834,2,1606930.8199869792
692,399.2469,5.52,0.955,1,116078.81038411456
693,399.2469,5.64,0.912,2,106597.51920572916
694,399.2469,5.98,0.794,1,295918.943766276
695,399.2469,6.51,0.954,3,185659.6531575521
696,399.2469,12.76,5.04,3,2996833.8307291665
697,399.2629,7.57,1.031,1,114787.08610026042
698,399.2629,7.77,0.968,1,398206.68505859375
699,399.2629,8.17,0.946,1,127110.31734212239
700,399.2629,8.3,0.973,3,138060.013671875
701,399.2629,12.91,0.763,1,732947.3170572916
702,399.2788,8.61,0.936,3,196495.97233072916
703,399.2788,8.77,0.818,1,179415.6533203125
704,399.2788,8.94,0.923,3,258896.3255208333
705,399.2788,9.57,0.869,1,240778.53873697916
706,399.2788,9.96,0.999,3,1674813.6062011719
707,399.2948,11.85,1.106,3,179765.0001627604
708,399.2948,12.06,0.884,3,283046.8741455078
709,399.3267,14.2,0.844,3,100709.27083333331
710,399.3587,15.4,0.87,2,225123.296875
711,399.3747,15.21,2.246,3,571335.583984375
712,400.2542,12.76,3.966,2,571357.6565755209
713,400.3663,15.21,2.082,2,154994.34232584634
714,401.216,11.7,1.714,2,331560.0296223958
715,401.2641,9.84,0.889,3,123971.65445963542
716,401.2641,9.99,1.015,2,146904.9676106771
717,401.2641,11.99,0.986,1,134344.8216145833
718,401.2802,10.95,0.874,2,150155.19897460938
719,401.2802,11.1,0.902,3,133242.90983072916
720,401.2802,11.3,1.09,3,132503.4108072917
721,401.2802,11.43,1.028,1,213280.10986328125
722,401.2802,11.67,1.209,2,211549.66455078125
723,402.3409,16.53,3.202,3,220331.59244791666
724,403.227,6.21,0.614,1,239331.66027832028
725,403.227,6.36,1.007,3,315759.51078287757
726,403.2432,6.78,0.88,3,128938.86230468749
727,403.2593,8.86,1.028,1,335060.69616699213
728,403.2593,9.29,1.044,3,453218.3109130859
729,403.2593,9.7,0.904,2,796972.3637288411
730,403.2593,10.47,0.942,3,121229.31416829425
731,403.2593,10.61,0.955,3,159180.42138671875
732,403.2754,11.14,0.956,1,213287.86889648438
733,403.2754,11.63,1.008,2,100917.55940755208
734,405.2158,4.84,1.503,2,136156.1985677083
735,405.2644,9.36,0.922,1,726655.2909749348
736,405.2644,10.1,0.955,2,299776.9174804687
737,405.2644,10.44,0.859,2,102564.14029947917
738,405.2644,10.71,0.926,2,125131.77298990884
739,405.2806,11.25,0.993,3,330004.13749186194
740,405.2968,12.54,0.898,3,199894.7434895833
741,407.2306,16.58,0.0,2,134992.47932942706
742,407.2632,8.53,0.977,3,121441.20576985678
743,407.2632,8.94,1.013,1,181306.65397135416
744,407.2795,9.74,0.84,1,609008.5551757811
745,407.2795,10.28,0.917,1,1219754.7690429685
746,407.2957,11.89,0.841,1,299997.4643554687
747,409.2554,6.9,0.788,1,764993.5600585936
748,409.2554,7.68,0.873,3,121029.62825520833
749,409.2554,7.81,0.914,2,170379.75374348956
750,409.2718,8.4,0.915,1,223733.91190592447
751,409.2718,8.85,0.974,3,710690.1622721354
752,409.2718,9.49,0.984,2,178269.0333658854
753,409.2882,10.25,1.046,2,126622.71223958333
754,409.2882,10.37,0.82,1,750135.2783203124
755,409.2882,10.98,1.002,3,197883.3564453125
756,410.3701,14.84,2.066,3,551173.8277994791
757,410.3701,14.96,1.93,3,751234.7799886067
758,410.3701,15.08,1.005,3,145799.4650065104
759,411.241,5.75,0.986,1,145724.74918619794
760,411.2574,7.33,0.922,2,130100.80615234374
761,411.2739,8.17,0.966,2,121786.20198567708
762,411.2739,8.29,0.777,2,1819947.5952148438
763,411.2739,9.65,0.97,3,433065.80798339844
764,411.2903,10.39,0.875,3,1177598.1730957031
765,411.3068,12.3,0.964,1,150641.6326904297
766,411.3068,12.44,0.926,2,348385.49267578125
767,411.3068,12.79,0.94,2,187576.35237630206
768,411.3068,13.03,0.935,3,210934.83056640625
769,411.3232,14.03,1.034,1,224173.6348470052
770,411.3726,14.83,1.471,1,142263.1209716797
771,412.3941,14.84,2.596,3,202050.53951009113
772,412.3941,15.61,3.938,3,1147834.1953531902
773,412.3941,15.73,2.226,1,1373760.947347005
774,412.3941,15.87,0.0,2,1524879.2823486328
775,413.2527,6.08,0.911,3,160628.17964680988
776,413.2692,7.36,0.961,1,509710.4573567708
777,413.2692,7.83,0.881,3,643745.6284993489
778,413.2692,8.46,0.96,3,126814.43400065103
779,413.2692,16.76,2.501,2,309067.3033854166
780,413.2692,16.91,1.843,2,670582.6783854166
781,413.2858,9.23,0.928,1,101607.60384114583
782,413.2858,9.35,0.813,1,375167.87276204425
783,413.2858,9.65,1.006,2,886188.4451497396
784,413.2858,10.42,0.931,1,113225.5148111979
785,413.2858,10.53,0.906,2,218754.68237304688
786,413.3023,11.56,0.98,1,130089.1993815104
787,413.3023,11.77,0.956,2,584858.662597656
788,413.3023,12.32,0.955,1,130151.2744140625
789,413.3684,16.55,2.635,2,479248.9673258463
790,413.3684,16.7,1.287,1,627245.8839518229
791,413.385,15.5,0.0,1,500474.883219401
792,413.385,15.62,2.349,1,406508.5319010417
793,413.385,15.74,0.0,1,500474.883219401
794,414.3285,11.74,1.241,3,225547.6884765625
795,414.3285,11.89,1.133,3,445114.9567057291
796,414.3285,12.18,0.892,1,276242.2317708333
797,414.3285,14.15,1.2,1,137047.13932291666
798,414.3783,16.52,1.146,2,105913.35611979166
799,415.2577,10.2,1.047,3,111238.1298828125
800,415.2743,9.12,0.972,3,121680.3575846354
801,415.2743,9.63,0.897,3,245427.9542643229
802,415.2743,9.98,0.935,1,121407.47249348958
803,415.2743,10.41,0.893,2,671539.2371826172
804,415.2743,10.94,0.874,1,208295.81233723956
805,415.2909,11.5,0.632,1,197282.0830078125
806,415.2909,11.73,0.985,2,183580.88313802084
807,415.2909,11.86,0.804,3,121672.95084635416
808,415.2909,12.1,0.971,1,122101.4336751302
809,416.3387,12.25,0.0,1,220453.0595703125
810,417.2556,7.51,0.928,1,182112.09847005206
811,417.2556,8.2,0.943,2,117550.10302734375
812,417.2556,8.65,0.946,2,104208.5694986979
813,417.2723,9.9,0.967,2,262085.98417154944
814,417.2723,10.2,0.968,2,203523.55273437497
815,417.2723,10.4,0.834,3,984454.8107910155
816,417.289,11.46,1.055,3,147583.6741536458
817,417.289,11.79,1.004,1,120686.0830078125
818,417.3057,12.89,0.938,2,111777.28434244792
819,417.3057,14.57,1.199,2,178147.55159505206
820,417.3224,13.28,0.0,3,109883.9638671875
821,419.28,10.46,0.948,3,259485.31689453128
822,419.28,10.73,0.871,1,615408.1686197916
823,419.28,11.43,0.929,1,145606.0362548828
824,419.2968,12.51,1.052,3,143159.23323567706
825,420.3211,17.18,0.982,1,2123741.21101888
826,420.3211,17.31,2.449,1,1917091.3649495444
827,420.3211,17.5,2.432,1,1958546.2386067705
828,420.3211,17.62,2.227,3,2111352.1918131514
829,421.2468,7.18,0.999,3,122141.9982096354
830,421.2637,8.86,0.989,1,166618.146484375
831,421.2805,9.88,0.954,1,158609.83577473956
832,421.2805,10.05,1.027,3,298629.1801350911
833,421.2974,10.96,1.098,2,189485.10725911456
834,421.2974,11.12,0.914,2,1273195.522298177
835,421.2974,12.18,0.996,2,189544.98128255206
836,421.3311,17.39,1.072,1,121581.32682291666
837,423.1551,6.26,0.717,3,154710.49951171875
838,423.2567,9.51,2.33,2,316845.9470214844
839,423.2736,8.06,0.865,2,199227.0743815104
840,423.2736,8.25,0.999,2,1079701.0927734375
841,423.2736,9.62,0.838,3,255927.86560058594
842,423.2905,10.11,1.022,1,168668.091796875
843,423.2905,10.36,0.886,2,625495.2885742188
844,423.3075,11.4,0.962,2,1168473.4349772134
845,423.3075,12.34,0.927,1,145845.90291341144
846,423.3075,12.46,0.904,2,137443.52897135416
847,423.3244,12.99,0.991,1,121538.556640625
848,424.1549,5.94,13.57,3,1188746.6634114583
849,424.3246,13.14,0.0,3,116475.11222330728
850,424.3586,14.72,0.0,1,141901.98811848956
851,425.2591,6.24,0.879,2,737071.3774414061
852,425.2591,6.97,0.889,1,220068.7804361979
853,425.2761,7.33,0.847,2,158097.13692220053
854,425.2761,8.22,0.947,3,158938.08825683594
855,425.2932,9.55,1.062,2,1652810.8642578123
856,425.2932,10.82,0.969,2,253582.8839518229
857,425.3102,11.63,0.984,3,131415.01700846353
858,425.3102,11.82,0.923,2,854836.4384765626
859,425.3102,12.6,0.897,3,147437.1630452474
860,425.3102,12.81,0.873,1,368291.3862711588
861,425.3272,13.15,1.135,2,128869.09993489583
862,427.1856,13.63,0.0,2,176116.45015462238
863,427.2711,7.03,1.002,1,1459176.0298665364
864,427.2711,8.46,1.009,3,179058.84989420575
865,427.2711,8.65,0.897,1,120213.40600585938
866,427.2882,9.68,0.937,2,813450.6051839192
867,427.3052,11.5,1.071,2,225962.8341471354
868,427.3052,11.69,0.93,3,774954.0358479817
869,427.3052,12.5,0.983,1,112707.64994303384
870,429.2753,8.86,0.908,1,201094.47721354163
871,429.2753,9.06,0.924,1,405360.44954427076
872,429.2753,9.45,0.891,2,186997.45589192706
873,429.2753,9.63,1.007,3,120432.1720377604
874,429.2925,10.98,0.967,2,1178293.559855143
875,429.2925,12.1,0.858,2,178718.6360677083
876,429.2925,12.53,2.402,2,842116.2932128906
877,429.2925,12.67,1.858,1,921617.7840983073
878,429.2925,12.79,0.976,1,979312.5445963542
879,429.3097,12.92,0.989,2,342469.7444661458
880,430.3757,16.81,2.078,3,227870.72009277344
881,430.3757,16.94,0.0,3,249098.51700846353
882,431.2718,9.05,0.879,3,141655.52506510416
883,431.2718,9.57,0.982,1,106916.03059895833
884,431.289,10.59,0.898,3,196059.4679361979
885,431.289,10.79,0.839,1,269510.6667480469
886,431.289,11.07,0.985,2,952882.3051350911
887,431.289,11.92,0.989,1,166440.82263183594
888,431.3063,12.65,0.948,1,106727.2511393229
889,432.2389,10.14,2.124,3,264996.4249674479
890,432.2735,4.43,6.013,3,573243.4474283854
891,432.2735,4.55,0.0,1,603246.3232421875
892,432.3253,16.67,2.855,2,237017.0576171875
893,433.2948,10.83,0.904,1,355678.70760091144
894,433.2948,11.17,0.909,3,941950.4430338541
895,433.3295,17.43,1.457,2,2173838.217610677
896,433.3295,17.57,4.104,2,2010216.4177246094
897,433.3295,17.73,2.386,3,2057956.8291829426
898,433.3295,17.84,1.579,3,2173838.217610677
899,434.3359,17.48,1.408,3,522259.014078776
900,434.3359,17.63,2.08,2,498024.8864746094
901,434.3359,17.74,1.152,2,522259.014078776
902,435.2925,10.69,0.9,1,191315.0236002604
903,435.2925,15.14,1.904,2,298491.4462890625
904,435.2925,15.26,1.148,3,394449.2197265625
905,435.3099,11.45,0.95,3,164548.92138671875
906,435.3099,11.59,0.869,3,1136520.2305501301
907,435.3273,13.21,0.912,3,304320.1031901042
908,435.3447,14.48,0.93,2,142788.3175455729
909,437.2819,8.48,0.93,2,289293.7037760416
910,437.2819,8.77,0.888,3,402766.93029785156
911,437.2819,9.22,1.032,1,111870.57210286458
912,437.2994,9.95,0.929,1,160435.65653483072
913,437.2994,10.28,0.877,2,411642.14990234375
914,437.2994,10.64,0.955,2,553020.2678222656
915,437.3169,11.45,0.89,3,1127492.5299479167
916,437.3344,13.1,0.989,3,585656.5846354166
917,439.2805,6.27,1.134,3,267166.58203125
918,439.2805,7.33,0.973,1,124815.22819010416
919,439.2805,8.04,1.048,2,155502.7626953125
920,439.2805,8.22,0.889,1,106200.3341471354
921,439.2805,8.81,0.84,3,102579.404296875
922,439.298,9.5,1.025,1,204471.8973388672
923,439.298,9.7,0.898,2,868227.9919026692
924,439.3156,10.76,0.826,1,192796.74841308594
925,439.3156,10.93,0.962,1,100094.36800130208
926,439.3156,11.23,0.973,3,104349.27132161458
927,439.3156,11.37,0.953,1,1379159.249593099
928,439.3332,13.1,0.888,3,203838.91259765625
929,439.3332,13.44,0.92,3,113681.48046874999
930,441.2881,8.13,0.931,1,190974.4581705729
931,441.2881,8.5,0.874,3,210415.40380859375
932,441.2881,8.7,0.829,1,1149176.966471354
933,441.2881,9.69,0.87,2,251002.783976237
934,441.2881,9.9,0.862,3,123426.34842936197
935,441.3234,12.43,0.878,3,115556.6818033854
936,441.3234,12.57,1.089,1,227451.41373697916
937,441.3234,12.83,0.999,1,102481.07080078125
938,441.3234,12.96,0.894,1,131367.5709635417
939,442.3308,8.29,0.77,1,1668661.2341308594
940,442.3308,8.43,2.119,1,1646366.2421875
941,442.3308,8.55,2.232,3,1504742.6669921873
942,442.3308,8.67,2.159,2,1576308.5371093748
943,442.3308,8.81,1.112,3,1668661.2341308594
944,443.2695,7.56,0.887,1,121847.80891927083
945,443.2872,8.86,0.935,3,319460.82975260424
946,443.2872,9.19,0.896,1,131524.6795247396
947,443.2872,9.32,0.92,1,693078.2679036459
948,443.2872,10.02,0.913,1,197193.41455078125
949,443.3227,8.46,0.925,3,212029.9368489583
950,443.3227,13.12,1.012,3,104416.58984375
951,444.3168,13.22,0.651,3,174264.569539388
952,444.3879,16.12,3.439,3,6336271.432779947
953,444.3879,16.48,0.71,3,702618.4371744792
954,444.3879,16.61,0.451,3,760963.591796875
955,444.3879,16.78,0.703,2,171595.98083496094
956,444.3879,16.99,0.839,2,200270.59993489584
957,445.2775,8.68,0.828,2,140531.8009033203
958,445.2775,8.82,1.036,1,354280.95263671875
959,445.2775,9.13,0.937,1,248972.3758138021
960,445.2954,10.43,0.895,2,106554.73697916667
961,445.2954,10.93,0.962,3,270121.49393717444
962,445.2954,11.19,0.935,2,416825.94775390625
963,445.2954,11.61,1.013,1,309265.86246744794
964,445.3132,12.32,1.007,1,100322.82438151042
965,445.3132,12.5,0.894,1,141808.76708984375
966,445.3132,13.22,0.798,2,131413.95654296875
967,445.3844,16.12,3.129,3,620789.2368570963
968,445.3844,16.23,1.927,1,2027489.1579996743
969,445.3844,16.42,1.995,2,1920216.4109700518
970,445.3844,16.54,1.413,1,2062488.3072916665
971,446.3832,16.29,0.0,1,127372.6748046875
972,447.2768,8.4,0.72,1,105017.47530110678
973,447.2768,8.52,1.107,1,311346.39359537757
974,447.2947,10.96,0.888,2,119373.80240885416
975,447.3126,11.73,0.905,2,271114.4322916666
976,447.3126,12.03,0.921,1,337620.7998046875
977,447.3126,12.37,0.954,3,386532.3841959635
978,447.3484,17.69,0.988,3,2052962.2384440103
979,447.3484,17.8,2.775,1,1777890.3577473958
980,447.3484,18.01,2.138,2,1905112.204752604
981,447.3484,18.12,1.851,3,2052962.2384440103
982,448.3516,17.75,0.0,1,495557.82877604157
983,448.3516,17.88,0.0,3,489575.36608886713
984,448.3516,18.0,0.0,2,495557.82877604157
985,449.2851,9.64,0.881,1,133233.84798177084
986,449.2851,9.79,0.96,1,150462.25406901038
987,449.3031,10.58,0.93,3,649845.5587565104
988,449.3031,11.22,0.944,1,184002.91255696613
989,449.321,11.75,0.928,1,285666.6232096354
990,449.321,12.1,1.017,2,734673.0122884114
991,450.3466,16.76,3.332,1,1109261.4661458333
992,450.3466,16.87,3.142,2,1658501.3211263018
993,450.3466,17.05,2.022,2,1682561.2953694658
994,451.3024,9.58,0.93,1,787279.6471354166
995,451.3204,11.36,0.983,3,1131527.3779296873
996,451.3385,12.79,0.812,3,617968.2994791666
997,451.3385,13.34,0.986,3,183206.2273763021
998,451.3385,13.51,0.959,3,139560.63505045572
999,451.3385,13.84,0.989,3,106144.46504720052
1000,452.3506,14.5,1.129,2,323325.3310546875
1001,453.2924,8.51,0.995,2,112500.3107096354
1002,453.2924,8.72,0.979,2,130734.26790364583
1003,453.2924,9.02,1.032,1,372772.8764241536
1004,453.3106,10.1,0.908,2,159583.23779296875
1005,453.3106,10.26,0.984,3,114679.22005208333
1006,453.3106,10.46,0.946,2,334668.33642578125
1007,453.3106,10.76,0.828,1,265547.4064127604
1008,453.3287,11.54,0.905,1,122862.52799479166
1009,453.3287,11.65,1.035,3,1230579.8212890623
1010,453.3287,12.66,1.027,3,143226.9446614583
1011,453.3287,12.81,0.962,2,117095.4796549479
1012,453.3468,5.06,0.0,2,188281.3965657552
1013,453.365,16.73,8.162,2,1161311.0358072913
1014,453.365,16.85,0.0,2,1407989.9464518225
1015,454.3634,16.73,4.384,2,299884.307454427
1016,455.2913,8.83,0.928,2,209881.6349283854
1017,455.2913,9.12,0.959,2,174213.25760904944
1018,455.2913,9.32,0.934,2,107433.85506184894
1019,455.3095,10.08,0.952,3,102618.86702473958
1020,455.3095,10.2,0.963,1,183899.21875
1021,455.3095,10.5,0.94,2,853173.1004231771
1022,455.3095,11.29,0.937,1,206805.4562174479
1023,455.3095,17.57,1.017,1,315576.7891031901
1024,455.3277,12.2,0.917,1,595317.2228190103
1025,455.3459,14.14,1.196,1,221790.36381022134
1026,456.3122,7.25,1.064,3,882551.6007486979
1027,456.3122,7.37,2.603,1,848047.9788818359
1028,456.3122,7.54,2.185,3,854246.5419921875
1029,456.3122,7.66,1.002,2,882551.6007486979
1030,456.3487,10.1,1.156,3,104312.4208984375
1031,457.2989,7.34,1.268,3,279717.9469401041
1032,457.2989,12.76,10.106,3,5662566.763020832
1033,457.3355,13.69,0.983,3,206974.20967610675
1034,457.3355,14.07,0.843,2,235128.6067708333
1035,457.3355,14.19,0.554,3,249942.861735026
1036,458.3061,12.75,7.765,2,1326522.8800455728
1037,458.3061,12.93,1.479,1,1507774.951497396
1038,458.3427,14.16,1.038,1,384304.25809733075
1039,459.2971,10.87,0.989,3,222947.2052408854
1040,459.3154,12.65,0.834,3,614514.3624674479
1041,459.3154,12.76,2.185,3,348798.73791503906
1042,459.3154,12.88,1.167,1,614514.3624674479
1043,459.3522,14.22,1.174,1,122541.74169921875
1044,460.3638,17.39,3.991,2,306683.3782552083
1045,461.267,7.34,0.868,3,300607.8658854166
1046,461.3039,11.29,0.945,1,134728.67183430988
1047,461.3224,12.17,1.036,2,129127.07893880208
1048,463.301,16.54,2.437,2,204364.30192057288
1049,463.3196,11.28,0.952,3,187510.5361328125
1050,463.3196,11.59,0.906,1,259875.0675455729
1051,463.3196,11.92,0.865,1,200835.47587076822
1052,463.3196,12.23,1.021,2,122772.84163411458
1053,463.3381,12.76,0.825,2,108752.85628255208
1054,463.3381,12.87,0.97,3,432712.86116536456
1055,463.3381,13.3,0.861,1,131604.6140950521
1056,463.3381,13.48,0.913,2,134957.25427246094
1057,463.3566,16.95,1.328,1,331120.76481119794
1058,465.2882,16.56,0.0,2,146195.95699055988
1059,465.3068,9.7,0.914,2,110338.8058268229
1060,465.3068,10.14,0.948,2,211553.89615885413
1061,465.3254,10.88,0.911,3,147775.0353190104
1062,465.3254,11.13,0.934,3,1194381.4703776042
1063,465.3254,12.14,0.979,2,170858.6256510417
1064,467.3025,8.89,0.817,3,106387.6201171875
1065,467.3025,9.12,0.982,3,110528.5986328125
1066,467.3025,9.24,0.881,3,349261.5537923177
1067,467.3025,9.57,0.874,2,148535.92919921872
1068,467.3025,9.72,1.07,1,228327.0836588542
1069,467.3212,10.65,0.932,1,844907.9669189452
1070,467.3399,11.88,0.904,1,194975.55712890622
1071,467.3399,12.12,0.874,1,631921.8326416014
1072,467.3399,12.72,1.052,3,177849.9755859375
1073,467.3399,12.87,1.016,3,115825.84407552083
1074,467.3399,13.04,0.913,2,173934.94665527344
1075,468.3879,16.5,0.0,2,111830.97314453125
1076,469.3068,9.63,0.9,1,129023.4072265625
1077,469.3068,9.76,0.881,3,123023.27648925781
1078,469.3256,11.27,0.995,1,907873.6654052733
1079,469.3256,17.76,1.212,2,592344.4899088541
1080,469.3256,17.88,2.434,1,578273.0353190104
1081,469.3256,18.0,1.452,3,592344.4899088541
1082,469.3444,12.87,0.943,1,509368.6824544271
1083,470.3216,8.6,1.097,2,158868.6971028646
1084,471.3197,11.68,0.868,1,121226.228515625
1085,473.2655,10.15,5.61,1,2778712.032063802
1086,473.2655,10.27,2.625,2,3190680.317057291
1087,473.2844,10.59,0.841,3,194599.66007486978
1088,473.2844,10.79,1.146,2,112910.828125
1089,473.3034,9.92,1.197,3,200553.1888020833
1090,473.3034,10.95,0.941,2,145428.86385091144
1091,473.3034,11.21,0.942,2,226962.39111328125
1092,474.2699,10.14,4.436,2,785502.4189860026
1093,474.2699,10.27,1.525,2,878075.0968424478
1094,474.3647,16.67,1.004,3,153571.9182535807
1095,475.2954,15.02,6.679,3,2084935.0136718748
1096,475.2954,15.18,2.08,1,2498530.2558593755
1097,476.3041,4.59,0.0,2,460958.1270751953
1098,476.3041,15.01,2.481,1,452970.58577473956
1099,476.3041,15.15,1.417,3,668596.673828125
1100,477.3149,11.02,0.852,2,142930.29264322916
1101,477.334,12.13,0.797,1,168471.0821940104
1102,477.334,12.54,0.957,2,102048.20833333331
1103,477.3722,17.29,3.939,3,12439508.509318033
1104,477.3722,17.58,2.448,3,12764969.729817709
1105,477.3722,17.78,1.942,3,13643090.547851562
1106,477.3722,17.91,1.852,1,14211778.554199215
1107,478.3661,17.15,0.0,1,1203318.5939534504
1108,478.3852,17.38,1.365,1,1463822.4166666665
1109,479.3238,10.64,1.006,1,136937.75516764322
1110,479.3238,10.79,0.85,1,124395.81420898438
1111,479.3238,11.1,0.962,3,195590.61853027344
1112,479.343,12.02,0.932,1,877780.0945638022
1113,479.343,12.86,0.932,3,204960.39265950522
1114,479.3813,17.23,1.027,1,754819.9796549478
1115,479.3813,17.38,1.88,3,606029.7786458333
1116,479.3813,17.5,1.956,1,754819.9796549478
1117,481.3219,10.24,0.991,1,126191.48966471353
1118,481.3219,10.46,0.808,1,102557.24344889323
1119,481.3219,10.68,0.892,3,152227.375
1120,481.3219,10.83,1.023,3,125585.82751464844
1121,481.3219,10.95,0.954,1,208938.10319010416
1122,481.3411,11.62,0.78,1,994454.778971354
1123,481.3411,12.55,1.033,2,116799.09029134114
1124,481.3604,13.24,0.977,1,196270.97098795572
1125,482.3819,13.15,0.0,3,151127.90201822916
1126,483.3283,10.82,0.973,3,834003.3367919921
1127,483.3476,12.35,1.002,3,539861.6484374999
1128,483.3476,17.38,0.0,2,131910.87955729166
1129,483.367,13.16,1.301,3,138583.30647786456
1130,483.367,16.95,0.0,2,117972.56705729166
1131,483.4637,17.05,0.0,1,115856.3349609375
1132,487.3273,12.19,0.941,2,114865.11958821614
1133,489.3196,17.07,4.737,2,630038.9374999999
1134,489.3196,17.2,0.0,2,805445.2779947916
1135,490.3188,17.07,2.1,1,150140.81913248697
1136,491.379,17.54,3.463,3,3272817.6267089844
1137,491.379,17.72,2.319,1,3354988.0935058594
1138,491.379,17.84,2.053,1,3625818.1215006504
1139,491.379,17.97,0.981,1,3686157.2846679683
1140,492.3234,15.02,8.331,1,4348755.329345703
1141,492.3234,15.2,3.536,3,5134711.4456380205
1142,492.3234,15.35,2.116,2,5159573.784586588
1143,492.3234,15.47,1.068,3,5382523.0192057295
1144,492.3234,16.04,0.0,1,108899.66874186197
1145,492.3825,17.43,1.289,1,1206566.3598632812
1146,492.3825,17.57,2.157,2,984976.8463541666
1147,492.3825,17.7,2.353,3,1117282.8815511067
1148,492.3825,17.83,1.368,3,1206566.3598632812
1149,493.3287,15.02,7.53,3,1377228.1214192708
1150,493.3287,15.19,1.187,1,1433891.3873697917
1151,493.3485,11.8,1.009,1,106765.14192708333
1152,493.3485,12.09,1.015,2,372804.88753255206
1153,493.3485,12.45,0.942,2,293165.08544921875
1154,493.4077,17.68,0.0,1,211873.95849609372
1155,494.3164,17.52,2.055,2,115684.83561197916
1156,494.3361,15.02,2.287,1,179759.71175130206
1157,495.3258,10.57,0.87,1,181795.24869791666
1158,495.3258,10.76,0.85,3,136022.3544108073
1159,495.3456,11.7,0.936,3,180444.7169596354
1160,495.3456,12.18,1.032,1,124368.03361002603
1161,495.3456,12.37,0.997,3,101807.61747233072
1162,497.3309,11.08,1.096,1,158719.98885091144
1163,498.2867,15.02,1.906,3,119498.51416015625
1164,499.3641,14.2,1.111,3,130854.60868326822
1165,500.3838,9.55,1.358,1,948548.4667561848
1166,502.3692,14.25,2.13,3,424249.7675374348
1167,502.3692,14.4,1.438,2,457280.4397379557
1168,503.375,14.24,1.044,1,163805.7483723958
1169,504.3222,8.61,0.0,2,258118.63541666663
1170,505.3116,8.59,0.0,3,103402.08492024739
1171,505.3925,17.81,1.149,3,1785487.3756510415
1172,506.3435,17.07,3.215,1,290113.1602783203
1173,506.4042,17.74,0.0,1,1049942.2388509116
1174,506.4042,17.86,3.756,1,998654.7132161458
1175,506.4042,17.98,2.165,2,1007536.3291015625
1176,506.4042,18.1,0.0,1,1049942.2388509116
1177,510.4104,14.47,0.0,1,645123.3400065105
1178,510.4104,14.59,1.927,2,611546.891113281
1179,510.4104,14.72,0.0,1,645123.3400065105
1180,511.3913,5.06,0.0,2,446991.88936360675
1181,513.3588,13.12,1.182,2,399976.0429280598
1182,514.3659,8.41,0.667,1,160105.9024251302
1183,514.3659,8.53,1.033,1,271892.6236979167
1184,519.2652,15.0,0.0,3,144137.74112955728
1185,519.4106,17.38,10.267,1,1394408.7750244138
1186,519.4106,17.5,0.0,1,1502446.3977864583
1187,519.4106,17.63,0.0,2,1511788.0688476562
1188,519.4106,17.96,0.0,3,262584.5563151042
1189,520.3256,4.74,0.0,3,330576.3188476562
1190,521.4298,17.61,0.0,2,211088.9415690104
1191,522.5991,18.06,0.0,2,181331.1780598958
1192,531.4102,18.12,7.794,3,1852631.7712402344
1193,531.4102,18.28,2.871,3,2104773.8209635415
1194,531.4102,18.4,1.235,1,2115762.4069010415
1195,532.3463,10.12,1.622,2,111383.65991210938
1196,532.4102,18.12,5.792,2,553226.8883463541
1197,532.4102,18.24,1.405,2,608382.7611083984
1198,533.412,18.12,2.357,2,159281.11767578125
1199,534.3517,15.03,5.992,3,674367.6604817709
1200,534.3517,15.14,1.657,1,726885.7493489584
1201,535.3572,15.01,0.0,3,109403.42382812499
1202,537.3953,19.57,2.148,2,240825.62296549475
1203,537.3953,19.68,0.0,2,290180.229329427
1204,537.5458,19.39,2.74,3,2689701.6539713545
1205,538.5358,19.38,3.268,1,1106623.7669270833
1206,538.5358,19.51,2.426,1,1577469.4114583333
1207,538.5358,19.65,2.238,3,1632894.5513916016
1208,538.5358,19.78,1.309,2,1645427.8231201172
1209,539.355,12.06,1.717,2,182799.97363281247
1210,539.5276,18.1,2.447,2,276408.1292317708
1211,539.5276,18.22,0.0,2,339142.8073730468
1212,539.5492,19.38,1.998,3,168759.5399169922
1213,540.3267,12.9,2.572,1,269574.55550130206
1214,540.3267,13.02,0.0,1,340848.3899739583
1215,543.5783,5.36,0.0,3,644979.1424153645
1216,546.3904,14.37,0.798,3,136221.70141601562
1217,547.3747,16.4,1.431,2,147613.35335286456
1218,547.3747,17.07,5.989,1,3507640.9772135415
1219,547.3747,17.24,2.8,1,4208508.732340494
1220,547.3747,17.37,1.966,2,4493170.00785319
1221,547.3747,17.49,1.578,2,4764694.822102864
1222,547.3966,14.28,1.315,3,136230.5399169922
1223,548.339,8.77,0.0,1,143430.0000813802
1224,548.3609,17.07,1.523,1,814162.9326171875
1225,548.3609,17.22,0.746,3,180620.5771484375
1226,549.3708,17.07,2.571,3,170374.7980143229
1227,550.6248,18.48,4.505,3,471325.7649739583
1228,550.6248,18.62,0.0,3,518332.26057942706
1229,551.3962,16.95,0.984,3,154141.4248046875
1230,551.6388,18.5,0.0,1,171371.8663736979
1231,553.3847,18.12,5.069,2,893292.984781901
1232,553.3847,18.25,1.127,1,997335.1247558594
1233,554.4039,18.12,3.064,3,258003.44628906253
1234,556.4033,18.1,0.968,2,139120.0315755208
1235,557.3834,13.26,1.058,1,141357.38500976562
1236,558.4099,10.82,0.796,2,177594.1808268229
1237,559.3935,15.96,2.358,2,281197.3857421875
1238,559.3935,16.07,1.343,1,356289.4986979166
1239,559.5278,19.37,1.581,2,939083.9759114584
1240,559.5278,19.57,0.858,2,415443.9287109375
1241,560.3789,13.36,2.166,2,347059.40869140625
1242,560.3789,13.48,0.0,1,409303.4622395833
1243,560.5134,19.4,2.053,2,444364.82283528644
1244,560.5134,19.51,0.0,1,793892.1670735676
1245,561.3885,13.32,1.125,3,136048.00748697916
1246,564.3604,4.86,0.0,3,229582.2962239583
1247,564.4281,18.1,3.904,2,493880.91149902344
1248,564.4281,18.22,1.296,2,582682.7887369791
1249,565.5581,20.32,1.01,3,1447968.0960286455
1250,565.5581,20.46,0.801,3,1044653.4456380208
1251,565.5581,20.59,0.417,2,1984674.4210611978
1252,566.577,20.31,2.736,1,1440130.2754720051
1253,566.577,20.43,2.372,2,1960752.2247721353
1254,566.577,20.57,0.0,1,2387567.698404948
1255,567.5523,18.67,4.179,3,1032875.8237711588
1256,567.5523,18.79,1.921,3,1173104.7246093748
1257,567.5523,18.91,1.784,1,1382424.8529866533
1258,567.575,20.31,2.573,1,331428.9498697916
1259,567.575,20.44,1.094,3,360326.0305989584
1260,568.5521,18.67,2.626,3,339722.9885253906
1261,572.4084,9.52,1.051,1,391007.87263997394
1262,573.4626,19.56,2.4,2,1082259.9270833333
1263,573.4626,19.71,1.807,3,1309113.0913899736
1264,573.4626,19.83,0.897,3,320496.7981770833
1265,574.4728,19.57,2.475,2,383396.89444986975
1266,574.4728,19.69,0.0,2,444828.7296549479
1267,575.3926,17.92,1.46,1,321891.9278971354
1268,581.3381,12.91,1.999,2,345495.5029296875
1269,581.3613,13.04,0.769,1,151228.78597005206
1270,588.5443,20.31,2.206,1,983818.3890380859
1271,588.5443,20.45,0.562,1,497573.72648111975
1272,588.5443,20.56,0.306,1,790244.8646647136
1273,589.4631,18.11,3.994,1,3324151.325032552
1274,589.4631,18.27,4.171,2,4645910.293782552
1275,589.4631,18.43,1.816,2,5048624.8447265625
1276,589.4631,18.56,1.576,2,5130530.796468099
1277,589.5575,20.29,2.03,2,228086.8243815104
1278,590.4306,14.33,0.0,1,386883.83931477857
1279,591.4234,18.2,1.054,2,378584.7626953125
1280,593.4139,15.02,3.004,1,508596.68359375006
1281,593.4139,15.14,0.0,2,657421.8553059895
1282,593.58,18.96,0.0,3,137084.1669921875
1283,593.6038,17.79,1.926,2,1149590.1396484375
1284,593.6038,17.91,1.925,3,1264453.3428955078
1285,593.6038,18.04,1.961,2,1632081.2332356768
1286,593.6038,18.15,1.767,1,1713610.4599609375
1287,593.6038,18.37,0.921,1,106899.66349283853
1288,594.6018,17.76,1.549,2,499656.1093749999
1289,595.5778,17.15,1.1,1,126153.46354166666
1290,595.5778,17.33,0.868,3,133637.9650472005
1291,595.5778,18.62,0.968,1,350013.0944010417
1292,595.5778,18.79,1.003,3,262665.5432942708
1293,595.5778,20.0,0.939,2,377343.4127604166
1294,596.603,19.39,1.873,1,2731876.8924153643
1295,596.603,19.59,0.783,2,1035043.46484375
1296,596.603,19.76,0.704,1,468681.9016927083
1297,596.603,20.06,0.956,3,226656.88053385416
1298,596.603,20.28,0.822,2,155302.9591064453
1299,603.5155,20.3,1.568,1,164558.55395507812
1300,604.4093,13.39,2.186,3,505049.57552083326
1301,604.4093,13.56,0.0,2,527530.3334554036
1302,605.4014,13.44,1.464,3,140925.6426595052
1303,605.4498,18.1,3.683,3,854400.3522135417
1304,605.4498,18.24,2.275,1,1244292.565388997
1305,606.4678,18.09,3.603,3,309776.3224283854
1306,607.3903,19.25,0.0,1,128667.49853515625
1307,608.3872,4.97,0.0,1,143684.6944986979
1308,609.6052,19.79,1.479,1,152585.50451660156
1309,615.5839,17.74,1.568,2,1042314.6424967448
1310,615.5839,17.86,2.055,2,671596.8684082031
1311,615.5839,17.98,1.901,2,1042314.6424967448
1312,616.471,11.46,0.818,1,451877.4076741537
1313,621.5965,19.81,1.279,3,275310.73486328125
1314,621.5965,19.94,0.733,2,289894.25467936194
1315,624.6122,18.68,1.031,1,148776.54361979163
1316,624.6122,20.87,0.762,2,290499.6695963542
1317,625.3872,18.38,2.255,3,322085.7423095703
1318,625.6374,20.3,2.609,3,1791409.3277994788
1319,625.6374,20.44,1.45,2,2080047.2557373045
1320,625.6374,20.56,0.763,1,265507.71044921875
1321,625.6374,20.68,0.987,3,231103.1028645833
1322,626.6392,20.3,1.894,1,178313.92260742188
1323,630.4355,10.36,0.0,1,424794.9187825521
1324,634.4578,14.36,1.85,2,296109.2745768229
1325,642.3996,18.38,0.0,2,289610.366007487
1326,644.4843,18.4,3.378,1,472170.7918294271
1327,644.4843,18.52,1.55,2,604115.5262858071
1328,645.3613,17.67,1.222,3,420495.9487304687
1329,645.4388,13.42,0.0,1,193090.7307942708
1330,645.4904,18.4,2.549,3,173350.42464192706
1331,647.4557,18.72,1.189,3,252438.97851562497
1332,648.4405,13.42,1.292,3,664638.974609375
1333,648.4405,13.54,2.348,1,578802.0718180337
1334,649.4269,13.47,1.459,3,189361.69352213544
1335,652.656,17.8,2.34,1,2051582.1435546873
1336,652.656,17.93,2.141,2,2447672.865234375
1337,652.656,18.04,2.047,3,2631979.5310872393
1338,652.656,18.17,1.872,3,3250256.5027262373
1339,653.6487,17.73,0.953,3,489567.3349609375
1340,653.6487,17.85,2.258,2,448954.9698486328
1341,653.6487,17.97,1.13,2,489567.3349609375
1342,655.0359,18.75,0.884,1,508988.1407877604
1343,655.0359,19.51,0.985,3,1976483.8468017578
1344,664.6694,19.27,0.0,1,1265789.0911458333
1345,665.4409,18.37,1.651,3,388122.9401041666
1346,666.4531,18.37,2.063,3,152575.82377115884
1347,666.4531,18.5,0.848,2,163882.92415364584
1348,666.4531,19.28,1.568,2,730274.7929280598
1349,674.4985,12.25,1.356,3,333242.1531575522
1350,678.4762,14.4,0.0,1,224106.47477213544
1351,681.0592,18.55,0.933,2,781924.0455729167
1352,681.0592,19.6,0.668,1,270657.3733723958
1353,681.0592,19.81,0.96,3,1830061.4866536458
1354,682.4773,19.27,2.062,3,2098393.2361653643
1355,682.4773,19.44,0.393,1,1329479.6175130208
1356,682.4773,19.57,0.268,3,1334868.2906087236
1357,682.4773,19.7,0.104,2,1547135.3385416665
1358,683.4334,18.38,2.907,1,1611181.8766276042
1359,683.4334,18.55,2.134,1,1896235.7813720703
1360,683.4334,18.69,0.0,1,2012890.4777018225
1361,683.4881,19.25,2.273,1,370354.391805013
1362,683.4881,19.36,1.682,3,438829.33593749994
1363,684.4456,18.38,2.303,2,650173.9606119791
1364,684.4456,18.52,2.108,3,770916.3400472004
1365,684.4456,18.64,0.0,2,829642.8735758463
1366,688.4544,19.23,1.113,3,138621.6554361979
1367,688.4819,11.21,0.987,2,184707.69287109372
1368,692.459,13.47,1.384,3,679522.7923177083
1369,692.459,13.59,2.459,1,586313.2571614583
1370,693.4568,13.5,0.0,1,206959.02750651044
1371,701.4073,19.24,0.0,3,578067.993815104
1372,701.4353,18.59,0.778,3,103571.23616536458
1373,708.5131,19.27,2.046,3,1219649.3177083333
1374,708.5131,19.39,2.625,2,1947989.1043294268
1375,708.5131,19.51,2.397,2,2019796.5966796873
1376,708.5131,19.64,1.907,1,2270195.859822591
1377,709.5057,19.28,1.613,3,431874.3658854166
1378,709.5057,19.4,0.637,1,425231.4625651041
1379,711.495,17.8,0.0,3,638518.9222005208
1380,712.4918,17.8,0.0,1,259613.58040364584
1381,721.7279,19.27,2.496,2,10727105.421875
1382,721.7279,19.45,0.0,2,13382426.822916666
1383,722.739,19.27,2.539,1,5020443.59798177
1384,722.739,19.48,1.132,3,5747347.622395833
1385,723.8673,19.28,1.054,3,192810.0882161458
1386,724.5046,19.26,1.208,2,1486027.7610677083
1387,725.5196,19.25,1.837,2,355486.2994791666
1388,725.5196,19.39,1.53,1,514374.4288330077
1389,726.5941,15.59,0.0,3,399004.4840494792
1390,727.612,15.6,0.0,2,2126778.1483154297
1391,728.6022,15.6,0.0,3,859878.1088867188
1392,733.4855,13.53,0.0,1,140655.19405110675
1393,735.6304,18.98,1.078,3,234030.1727294922
1394,736.4842,13.57,2.375,3,488586.9010416666
1395,736.4842,13.71,0.0,3,556710.8493652344
1396,736.5431,19.26,2.01,2,590596.517578125
1397,736.5431,19.38,0.0,3,885981.1166992188
1398,737.4864,13.58,0.0,2,167024.79337565103
1399,737.5454,19.24,1.634,1,284318.2272135416
1400,739.5247,18.31,0.0,2,367887.68786621094
1401,740.5311,18.31,0.0,2,144006.7508544922
1402,757.6391,18.63,1.275,3,533866.3131510416
1403,757.6391,18.76,2.203,1,450648.8188476562
1404,757.6391,18.87,1.046,1,533866.3131510416
1405,758.4881,16.2,0.0,3,195326.408203125
1406,759.5203,19.25,1.155,1,103657.86523437499
1407,763.6633,20.45,1.183,2,2199825.4446614576
1408,764.5497,18.9,0.99,1,394512.09488932294
1409,764.672,20.53,1.204,2,1165122.1748453774
1410,767.4297,19.24,1.998,2,1166685.6292317705
1411,767.4297,19.37,2.184,3,1265972.9220377603
1412,767.4297,19.49,2.233,2,1309967.2766927083
1413,767.4297,19.62,1.954,2,1403740.7664388018
1414,768.4434,19.24,2.017,2,577568.1463216145
1415,768.4434,19.35,0.0,1,588606.1074625652
1416,783.6531,16.53,0.0,1,1328482.0107421873
1417,784.6568,16.53,0.0,3,588552.3657226562
1418,799.5156,16.19,6.139,2,1054683.6867268882
1419,799.5156,16.33,0.0,1,1219235.728922526
1420,800.5076,16.19,5.155,2,486078.3376464844
1421,800.5076,16.31,1.216,3,511983.28759765625
1422,934.6414,17.26,0.0,3,189755.51057942706
1423,975.6677,17.26,5.292,1,394695.90625
1424,976.6439,17.6,4.186,3,472940.34619140625
1425,976.6439,17.74,0.0,2,574297.7156575521
1426,976.6829,17.26,0.0,3,240590.83479817706
1427,977.6601,17.6,2.825,2,267391.8043619791
1428,981.6178,17.59,3.322,1,257708.49182128906
1429,982.5998,17.59,0.0,2,157271.5148111979
1430,997.5693,17.6,0.0,2,216293.49763997394
1431,1017.6805,17.59,5.239,1,1605741.1529947915
1432,1017.6805,17.72,0.0,1,1835426.2945556638
1433,1018.6986,17.59,3.074,3,895412.643391927
1434,1018.6986,17.72,0.248,2,227750.02913411456
1435,1019.677,17.6,3.913,2,362635.7659098307
1436,1152.1197,20.32,4.315,2,420618.3323567708
1437,1194.8286,18.45,0.0,3,1217152.9627278643
1438,1195.8327,18.45,7.092,3,918917.0525309244
1439,1195.8327,18.56,0.0,3,972589.4830729165
1440,1196.8376,18.43,3.599,2,317974.0890299479
1441,1196.8376,18.55,0.0,2,354489.57421874994
1442,1199.7614,18.43,3.341,2,600942.4013671875
1443,1199.7614,18.56,0.0,1,693413.2205403646
1444,1200.0014,19.37,5.576,2,934708.5036621094
1445,1200.7696,18.44,4.326,1,494987.7708333333
1446,1200.7696,18.57,0.0,3,532827.8707682292
1447,1201.7786,18.43,0.0,1,171468.3509114583
1448,1201.9709,19.37,1.377,3,230465.6416829427
1449,1215.7515,18.43,2.597,1,461811.9866536458
1450,1215.7515,18.56,0.0,3,501002.83333333326
1451,1217.747,18.45,0.0,1,134641.30216471353
1452,1221.9431,19.48,0.623,2,173323.58056640625
1453,1222.97,19.37,2.885,3,621737.5700683594
1454,1222.97,19.49,0.0,1,814613.1730957031
1455,1235.8538,18.45,4.571,3,1667101.8249918618
1456,1235.8538,18.57,0.0,1,1933638.326660156
1457,1236.8429,18.45,5.42,3,1467926.165649414
1458,1236.8429,18.59,3.168,1,1596068.8847249346
1459,1237.8327,18.45,0.0,1,659125.3167317708
1460,1238.8729,18.45,0.0,2,142419.9132486979
1461,1325.8857,19.28,11.612,3,1703902.8572184243
1462,1325.8857,19.48,0.0,1,1784194.7740885415
1463,1326.8937,19.28,11.552,2,1553690.8688151042
1464,1326.8937,19.46,1.587,3,1669242.189819336
1465,1327.9025,19.27,0.0,2,691352.2431640624
1466,1328.9121,19.27,2.251,2,148552.43733723956
1467,1342.9121,19.28,10.621,2,9546608.848307291
1468,1342.9121,19.47,0.0,2,10497474.09065755
1469,1343.933,19.28,10.76,3,9108493.091796875
1470,1343.933,19.47,0.0,2,9978209.393025715
1471,1344.9548,19.28,11.062,3,4357378.918457031
1472,1344.9548,19.46,1.095,3,4457507.728515625
1473,1345.9235,19.28,3.193,3,1073190.6466471355
1474,1345.9235,19.4,2.106,3,1402228.6431070962
1475,1345.9235,19.52,0.0,3,1474526.5526529946
1476,1346.9468,19.26,0.0,2,238253.8399251302
1477,1347.863,19.28,2.333,3,2750251.2062174473
1478,1347.863,19.49,0.888,3,485398.43749999994
1479,1347.863,19.61,0.339,1,511048.85937499994
1480,1348.8877,19.28,6.899,1,3591273.746744791
1481,1348.8877,19.45,0.0,1,3962402.678019206
1482,1350.8855,19.26,3.332,1,385326.69852701825
1483,1350.8855,19.38,0.0,2,408221.4748942057
